scientific_name,category,gbif_scientific_name,gbif_class,rank,match_type,confidence,status,usage_key,trusted,issues,error
#ref!,,,,,NONE,100,,,false,,
accipiter madagascariensis,bird,"Accipiter madagascariensis J.Verreaux, 1833",Aves,SPECIES,EXACT,97,ACCEPTED,2480579,true,,
accipiter melanoleucus,bird,"Accipiter melanoleucus A.Smith, 1830",Aves,SPECIES,EXACT,99,ACCEPTED,2480631,true,,
acinonyx jubatus,mammal,"Acinonyx jubatus (Schreber, 1775)",Mammalia,SPECIES,EXACT,99,ACCEPTED,2435270,true,,
acrocephalus baeticatus,bird,"Acrocephalus baeticatus (Vieillot, 1817)",Aves,SPECIES,EXACT,99,ACCEPTED,5231319,true,,
acryllium vulturinum,bird,"Acryllium vulturinum (Hardwicke, 1834)",Aves,SPECIES,EXACT,99,ACCEPTED,2473339,true,,
aepyceros melampus,mammal,"Aepyceros melampus (Lichtenstein, 1812)",Mammalia,SPECIES,EXACT,99,ACCEPTED,2441144,true,,
agamia agami,bird,"Agamia agami (Gmelin, 1789)",Aves,SPECIES,EXACT,99,ACCEPTED,2480836,true,,
agouti paca,mammal,"Agouti paca (Linnaeus, 1766)",Mammalia,SPECIES,EXACT,98,SYNONYM,2437587,true,,
aguila,,"? aguila Anderson, 1938",Cephalopoda,UNRANKED,EXACT,96,DOUBTFUL,9251697,false,,
aguila sp,,"? aguila Anderson, 1938",Cephalopoda,UNRANKED,EXACT,96,DOUBTFUL,9251697,false,,
alcelaphus buselaphus,mammal,"Alcelaphus buselaphus (Pallas, 1766)",Mammalia,SPECIES,EXACT,99,ACCEPTED,5220185,true,,
alectoris rufa,bird,"Alectoris rufa (Linnaeus, 1758)",Aves,SPECIES,EXACT,99,ACCEPTED,2474051,true,,
alethe poliophrys,bird,"Alethe poliophrys Sharpe, 1902",Aves,SPECIES,EXACT,98,SYNONYM,2490876,true,,
alophoixus bres,bird,"Alophoixus bres (Lesson, 1831)",Aves,SPECIES,EXACT,99,ACCEPTED,2486198,true,,
alopochen aegyptiaca,bird,"Alopochen aegyptiaca (Linnaeus, 1766)",Aves,SPECIES,EXACT,99,ACCEPTED,2498252,true,,
alouatta sara,mammal,"Alouatta sara Elliot, 1910",Mammalia,SPECIES,EXACT,99,ACCEPTED,2436651,true,,
andropadus gracilirostris,bird,"Andropadus gracilirostris Strickland, 1844",Aves,SPECIES,EXACT,98,SYNONYM,2486157,true,,
andropadus latirostris,bird,"Andropadus latirostris Strickland, 1844",Aves,SPECIES,EXACT,98,SYNONYM,2486159,true,,
andropadus virens,bird,"Andropadus virens Cassin, 1857",Aves,SPECIES,EXACT,98,SYNONYM,2486160,true,,
anhima cornuta,bird,"Anhima cornuta (Linnaeus, 1766)",Aves,SPECIES,EXACT,99,ACCEPTED,2497983,true,,
anomalurus derbianus,mammal,"Anomalurus derbianus (Gray, 1842)",Mammalia,SPECIES,EXACT,99,ACCEPTED,5219879,true,,
aonyx cinerea,,"Aonyx cinereus (Illiger, 1815)",Mammalia,SPECIES,FUZZY,96,SYNONYM,2433894,false,,
aonyx sp,,,,,NONE,100,,,false,,
aquila heliaca,bird,"Aquila heliaca Savigny, 1809",Aves,SPECIES,EXACT,99,ACCEPTED,2480500,true,,
aquila rapax,bird,"Aquila rapax (Temminck, 1828)",Aves,SPECIES,EXACT,99,ACCEPTED,2480514,true,,
aramides cajanea,bird,"Aramides cajanea (Statius Muller, 1776)",Aves,SPECIES,EXACT,99,ACCEPTED,2474659,true,,
aramides cajaneus,,"Aramides cajanea (Statius Muller, 1776)",Aves,SPECIES,FUZZY,96,ACCEPTED,2474659,false,,
aramus guarauna,bird,"Aramus guarauna (Linnaeus, 1766)",Aves,SPECIES,EXACT,99,ACCEPTED,2474337,true,,
arborophila brunneopectus,bird,"Arborophila brunneopectus (Blyth, 1855)",Aves,SPECIES,EXACT,99,ACCEPTED,2473629,true,,
arborophila rubrirostris,bird,"Arborophila rubrirostris (Salvadori, 1879)",Aves,SPECIES,EXACT,99,ACCEPTED,2473646,true,,
arborophila rufogularis,bird,"Arborophila rufogularis (Blyth, 1849)",Aves,SPECIES,EXACT,99,ACCEPTED,2473614,true,,
arborophila sp,,,,,NONE,100,,,false,,
arctictis binturong,mammal,"Arctictis binturong (Raffles, 1821)",Mammalia,SPECIES,EXACT,99,ACCEPTED,2434615,true,,
arctogalidia trivirgata,mammal,"Arctogalidia trivirgata (Gray, 1832)",Mammalia,SPECIES,EXACT,99,ACCEPTED,2434742,true,,
arctonyx collaris,mammal,"Arctonyx collaris F.G.Cuvier, 1825",Mammalia,SPECIES,EXACT,99,ACCEPTED,2433743,true,,
arctonyx hoevenii,mammal,"Arctonyx hoevenii (Hubrecht, 1891)",Mammalia,SPECIES,EXACT,99,ACCEPTED,9910236,true,,
ardea alba,bird,"Ardea alba Linnaeus, 1758",Aves,SPECIES,EXACT,97,ACCEPTED,9752617,true,,
ardea cocoi,bird,"Ardea cocoi Linnaeus, 1766",Aves,SPECIES,EXACT,99,ACCEPTED,2480951,true,,
ardea melanocephala,bird,"Ardea melanocephala Children & Vigors, 1826",Aves,SPECIES,EXACT,99,ACCEPTED,2480923,true,,
ardeotis kori,bird,"Ardeotis kori (Burchell, 1822)",Aves,SPECIES,EXACT,99,ACCEPTED,2474909,true,,
areola grayii,,"Areola Walker, 1858",Insecta,GENUS,HIGHERRANK,94,SYNONYM,12063639,false,,
argusianus argus,bird,"Argusianus argus (Linnaeus, 1766)",Aves,SPECIES,EXACT,99,ACCEPTED,5227762,true,,
arremonops chloronotus,bird,"Arremonops chloronotus (Salvin, 1861)",Aves,SPECIES,EXACT,99,ACCEPTED,2491042,true,,
asio madagascariensis,bird,"Asio madagascariensis (A.Smith, 1834)",Aves,SPECIES,EXACT,99,ACCEPTED,2497287,true,,
atelerix albiventris,mammal,"Atelerix albiventris (Wagner, 1841)",Mammalia,SPECIES,EXACT,99,ACCEPTED,2437140,true,,
ateles chamek,mammal,"Ateles chamek (Humboldt, 1812)",Mammalia,SPECIES,EXACT,99,ACCEPTED,2436646,true,,
atelocynus microtis,mammal,"Atelocynus microtis (Sclater, 1883)",Mammalia,SPECIES,EXACT,99,ACCEPTED,2434454,true,,
atelornis pittoides,bird,"Atelornis pittoides (Lafresnaye, 1834)",Aves,SPECIES,EXACT,99,ACCEPTED,2475334,true,,
atherurus africanus,mammal,"Atherurus africanus Gray, 1842",Mammalia,SPECIES,EXACT,99,ACCEPTED,5219892,true,,
atherurus macrourus,mammal,"Atherurus macrourus (Linnaeus, 1758)",Mammalia,SPECIES,EXACT,99,ACCEPTED,5219891,true,,
atilax paludinosus,mammal,Atilax paludinosus G,Mammalia,SPECIES,EXACT,99,ACCEPTED,2434188,true,,
ave desconocida,,,,,NONE,100,,,false,,
balearica regulorum,bird,"Balearica regulorum (E.T.Bennett, 1834)",Aves,SPECIES,EXACT,99,ACCEPTED,5228229,true,,
bamusicola fytchii,,"Bambusicola fytchii Anderson, 1871",Aves,SPECIES,FUZZY,85,ACCEPTED,5227943,false,,
barypthengus martii,,"Baryphthengus martii (Spix, 1824)",Aves,SPECIES,FUZZY,85,ACCEPTED,2475270,false,,
bdeogale crassicauda,mammal,"Bdeogale crassicauda Peters, 1852",Mammalia,SPECIES,EXACT,99,ACCEPTED,2434117,true,,
bdeogale jacksoni,mammal,"Bdeogale jacksoni (Thomas, 1894)",Mammalia,SPECIES,EXACT,99,ACCEPTED,2434124,true,,
blastocerus dichotomus,mammal,"Blastocerus dichotomus (Illiger, 1815)",Mammalia,SPECIES,EXACT,99,ACCEPTED,2440963,true,,
bos gaurus,mammal,"Bos gaurus C.H.Smith, 1827",Mammalia,SPECIES,EXACT,98,SYNONYM,2441026,true,,
bos taurus,mammal,"Bos taurus Linnaeus, 1758",Mammalia,SPECIES,EXACT,99,ACCEPTED,2441022,true,,
bostrychia hagedash,bird,"Bostrychia hagedash (Latham, 1790)",Aves,SPECIES,EXACT,99,ACCEPTED,5229203,true,,
brachypteracias squamiger,bird,"Brachypteracias squamiger Lafresnaye, 1838",Aves,SPECIES,EXACT,98,SYNONYM,5788444,true,,
brotogeris sp,,,,,NONE,100,,,false,,
bubo sp,,,,,NONE,100,,,false,,
bubulcus ibis,bird,"Bubulcus ibis (Linnaeus, 1758)",Aves,SPECIES,EXACT,99,ACCEPTED,2480830,true,,
buphagus sp,,,,,NONE,100,,,false,,
burhinus capensis,bird,"Burhinus capensis (M.H.K.Lichtenstein, 1823)",Aves,SPECIES,EXACT,99,ACCEPTED,2482097,true,,
butastur indicus,bird,"Butastur indicus (Gmelin, 1788)",Aves,SPECIES,EXACT,99,ACCEPTED,2480477,true,,
buteo urubitinga ridgwayi,,"Buteo Lacepede, 1799",Aves,GENUS,HIGHERRANK,94,ACCEPTED,2480517,false,,
buteogallus urobitinga,,"Buteogallus urubitinga (Gmelin, 1788)",Aves,SPECIES,FUZZY,95,ACCEPTED,2480657,false,,
buteogallus urubitinga,bird,"Buteogallus urubitinga (Gmelin, 1788)",Aves,SPECIES,EXACT,99,ACCEPTED,2480657,true,,
butorides striata,bird,"Butorides striata (Linnaeus, 1758)",Aves,SPECIES,EXACT,99,ACCEPTED,2480824,true,,
bycanistes brevis,bird,"Bycanistes brevis Friedmann, 1929",Aves,SPECIES,EXACT,99,ACCEPTED,5228450,true,,
cabassous centralis,mammal,"Cabassous centralis (Miller, 1899)",Mammalia,SPECIES,EXACT,99,ACCEPTED,2440806,true,,
cabassous unicinctus,mammal,"Cabassous unicinctus (Linnaeus, 1758)",Mammalia,SPECIES,EXACT,99,ACCEPTED,2440807,true,,
cabassous unicintus,,"Cabassous unicinctus (Linnaeus, 1758)",Mammalia,SPECIES,FUZZY,95,ACCEPTED,2440807,false,,
cairina moschata,bird,"Cairina moschata (Linnaeus, 1758)",Aves,SPECIES,EXACT,98,ACCEPTED,9751099,true,,
callosciurus erythraeus,mammal,"Callosciurus erythraeus (Pallas, 1779)",Mammalia,SPECIES,EXACT,99,ACCEPTED,2437394,true,,
callosciurus notatus,mammal,"Callosciurus notatus (Boddaert, 1785)",Mammalia,SPECIES,EXACT,99,ACCEPTED,2437396,true,,
caloperdix oculea,,"Caloperdix oculeus (Temminck, 1815)",Aves,SPECIES,FUZZY,96,ACCEPTED,2474107,false,,
camelus dromedarius,mammal,"Camelus dromedarius Linnaeus, 1758",Mammalia,SPECIES,EXACT,99,ACCEPTED,9055455,true,,
canirallus kioloides,bird,"Canirallus kioloides (Pucheran, 1845)",Aves,SPECIES,EXACT,99,ACCEPTED,2474703,true,,
canis adustus,mammal,"Canis adustus Sundevall, 1847",Mammalia,SPECIES,EXACT,99,ACCEPTED,5219146,true,,
canis familiaris,mammal,"Canis familiaris Linnaeus, 1758",Mammalia,SPECIES,EXACT,98,SYNONYM,5219200,true,,
canis latrans,mammal,"Canis latrans Say, 1823",Mammalia,SPECIES,EXACT,99,ACCEPTED,5219153,true,,
canis lupus,mammal,"Canis lupus Linnaeus, 1758",Mammalia,SPECIES,EXACT,99,ACCEPTED,5219173,true,,
canis mesomelas,mammal,"Canis mesomelas Schreber, 1775",Mammalia,SPECIES,EXACT,99,ACCEPTED,5219216,true,,
capra aegagrus,mammal,"Capra aegagrus Erxleben, 1777",Mammalia,SPECIES,EXACT,98,SYNONYM,4409366,true,,
capricornis milneedwardsii,mammal,"Capricornis milneedwardsii David, 1869",Mammalia,SPECIES,EXACT,99,ACCEPTED,7261423,true,,
capricornis sumatraensis,mammal,"Capricornis sumatraensis (Bechstein, 1799)",Mammalia,SPECIES,EXACT,99,ACCEPTED,4262616,true,,
caprimulgus sp,,,,,NONE,100,,,false,,
caracal caracal,mammal,"Caracal caracal (Schreber, 1776)",Mammalia,SPECIES,EXACT,99,ACCEPTED,2435010,true,,
caracara plancus,bird,"Caracara plancus (J.F.Miller, 1777)",Aves,SPECIES,EXACT,99,ACCEPTED,2480989,true,,
carpococcyx renauldi,bird,"Carpococcyx renauldi Oustalet, 1896",Aves,SPECIES,EXACT,99,ACCEPTED,2496390,true,,
cathartes burrovianus,bird,"Cathartes burrovianus Cassin, 1845",Aves,SPECIES,EXACT,99,ACCEPTED,2481928,true,,
cathartes melambrotus,bird,"Cathartes melambrotus Wetmore, 1964",Aves,SPECIES,EXACT,99,ACCEPTED,2481929,true,,
catharus mustelinus,bird,"Catharus mustelinus (Gmelin, 1789)",Aves,SPECIES,EXACT,98,SYNONYM,5789056,true,,
catharus sp,,,,,NONE,100,,,false,,
catharus ustulatus,bird,"Catharus ustulatus (Nuttall, 1840)",Aves,SPECIES,EXACT,99,ACCEPTED,2490821,true,,
cavia aperea,mammal,"Cavia aperea Erxleben, 1777",Mammalia,SPECIES,EXACT,99,ACCEPTED,5219704,true,,
cebus albifrons,mammal,"Cebus albifrons (Humboldt, 1812)",Mammalia,SPECIES,EXACT,99,ACCEPTED,2436636,true,,
cebus apella,mammal,"Cebus apella (Linnaeus, 1758)",Mammalia,SPECIES,EXACT,98,SYNONYM,2436639,true,,
cephalophus harveyi,mammal,"Cephalophus harveyi (Thomas, 1893)",Mammalia,SPECIES,EXACT,98,SYNONYM,2441166,true,,
cephalophus nigrifrons,mammal,"Cephalophus nigrifrons Gray, 1871",Mammalia,SPECIES,EXACT,99,ACCEPTED,2441154,true,,
cephalophus silvicultor,mammal,"Cephalophus silvicultor (Afzelius, 1815)",Mammalia,SPECIES,EXACT,99,ACCEPTED,2441163,true,,
cephalophus spadix,mammal,"Cephalophus spadix True, 1890",Mammalia,SPECIES,EXACT,99,ACCEPTED,2441156,true,,
ceratotherium simum,mammal,"Ceratotherium simum (Burchell, 1817)",Mammalia,SPECIES,EXACT,99,ACCEPTED,2440880,true,,
cercocebus sanjei,mammal,"Cercocebus sanjei Mittermeier, 1986",Mammalia,SPECIES,EXACT,99,ACCEPTED,4267131,true,,
cercopithecus albogularis,mammal,"Cercopithecus albogularis (Sykes, 1831)",Mammalia,SPECIES,EXACT,98,SYNONYM,7262043,true,,
cercopithecus lhoesti,mammal,"Cercopithecus lhoesti Sclater, 1899",Mammalia,SPECIES,EXACT,98,SYNONYM,5219572,true,,
cercopithecus mitis,mammal,"Cercopithecus mitis Wolf, 1822",Mammalia,SPECIES,EXACT,99,ACCEPTED,5219578,true,,
cercotrichus sp,,,,,NONE,100,,,false,,
cerdocyon thous,mammal,"Cerdocyon thous (Linnaeus, 1766)",Mammalia,SPECIES,EXACT,99,ACCEPTED,2434584,true,,
chachalacha,,,,,NONE,100,,,false,,
chalcophaps indica,bird,"Chalcophaps indica (Linnaeus, 1758)",Aves,SPECIES,EXACT,99,ACCEPTED,2495840,true,,
chelonoidis carbonaria,,"Chelonoidis carbonarius (Spix, 1824)",Testudines,SPECIES,FUZZY,96,ACCEPTED,9533689,false,,
chlorocebus pygerythrus,mammal,"Chlorocebus pygerythrus (F.Cuvier, 1821)",Mammalia,SPECIES,EXACT,99,ACCEPTED,7262034,true,,
chrotogale owstoni,mammal,"Chrotogale owstoni Thomas, 1912",Mammalia,SPECIES,EXACT,99,ACCEPTED,2434674,true,,
ciconia maguari,bird,"Ciconia maguari (Gmelin, 1789)",Aves,SPECIES,EXACT,99,ACCEPTED,2481910,true,,
cinclodes atacamensis,bird,"Cinclodes atacamensis (Philippi, 1857)",Aves,SPECIES,EXACT,99,ACCEPTED,2485061,true,,
cinclodes fuscus,bird,"Cinclodes fuscus (Vieillot, 1818)",Aves,SPECIES,EXACT,99,ACCEPTED,2485069,true,,
cinclodes sp,,,,,NONE,100,,,false,,
circus cyaneus,bird,"Circus cyaneus (Linnaeus, 1766)",Aves,SPECIES,EXACT,99,ACCEPTED,2480487,true,,
cissa chinensis,bird,"Cissa chinensis (Boddaert, 1783)",Aves,SPECIES,EXACT,99,ACCEPTED,2482587,true,,
cisticola cherina,bird,"Cisticola cherina (A.Smith, 1843)",Aves,SPECIES,EXACT,99,ACCEPTED,5788680,true,,
civettictis civetta,mammal,"Civettictis civetta (Schreber, 1776)",Mammalia,SPECIES,EXACT,99,ACCEPTED,2434634,true,,
claravis pretiosa,bird,"Claravis pretiosa (Ferrari-Pérez, 1886)",Aves,SPECIES,EXACT,99,ACCEPTED,2495922,true,,
cochlearius cochlearius,bird,"Cochlearius cochlearius (Linnaeus, 1766)",Aves,SPECIES,EXACT,99,ACCEPTED,2480833,true,,
coendou bicolor,mammal,"Coendou bicolor (Tschudi, 1844)",Mammalia,SPECIES,EXACT,99,ACCEPTED,2437599,true,,
collocalia linchi,bird,"Collocalia linchi Horsfield & F.Moore, 1854",Aves,SPECIES,EXACT,99,ACCEPTED,2477326,true,,
colobus angolensis,mammal,"Colobus angolensis Sclater, 1860",Mammalia,SPECIES,EXACT,99,ACCEPTED,5963047,true,,
colomys goslingi,mammal,"Colomys goslingi Thomas & Wroughton, 1907",Mammalia,SPECIES,EXACT,99,ACCEPTED,2439133,true,,
columba arquatrix,bird,"Columba arquatrix Temminck, 1808",Aves,SPECIES,EXACT,99,ACCEPTED,5231873,true,,
columba larvata,bird,"Columba larvata Temminck, 1809",Aves,SPECIES,EXACT,99,ACCEPTED,5231853,true,,
columbina talpacoti,bird,"Columbina talpacoti (Temminck, 1810)",Aves,SPECIES,EXACT,99,ACCEPTED,2495858,true,,
conepatus chinga,mammal,"Conepatus chinga (Molina, 1782)",Mammalia,SPECIES,EXACT,97,ACCEPTED,2434870,true,,
conepatus semistriatus,mammal,"Conepatus semistriatus (Boddaert, 1785)",Mammalia,SPECIES,EXACT,99,ACCEPTED,2434883,true,,
connochaetes taurinus,mammal,"Connochaetes taurinus (Burchell, 1823)",Mammalia,SPECIES,EXACT,99,ACCEPTED,2441105,true,,
copsychus albospecularis,bird,"Copsychus albospecularis (Eydoux & Gervais, 1836)",Aves,SPECIES,EXACT,99,ACCEPTED,2492681,true,,
copsychus malabaricus,bird,"Copsychus malabaricus (Scopoli, 1786)",Aves,SPECIES,EXACT,99,ACCEPTED,2492675,true,,
copsychus saularis,bird,"Copsychus saularis (Linnaeus, 1758)",Aves,SPECIES,EXACT,99,ACCEPTED,2492680,true,,
coragyps atratus,bird,"Coragyps atratus (Bechstein, 1793)",Aves,SPECIES,EXACT,99,ACCEPTED,2481942,true,,
corythaixoides leucogaster,bird,"Corythaixoides leucogaster (Ruppell, 1842)",Aves,SPECIES,EXACT,99,ACCEPTED,2475264,true,,
cospsychus albospecularis,,"Copsychus albospecularis (Eydoux & Gervais, 1836)",Aves,SPECIES,FUZZY,85,ACCEPTED,2492681,false,,
cossypha archeri,bird,"Cossypha archeri Sharpe, 1902",Aves,SPECIES,EXACT,99,ACCEPTED,2492591,true,,
coturnix delegorguei,bird,"Coturnix delegorguei Delegorgue, 1847",Aves,SPECIES,EXACT,99,ACCEPTED,2474141,true,,
coua,,,,,NONE,100,,,false,,
coua caerulea,bird,"Coua caerulea (Linnaeus, 1766)",Aves,SPECIES,EXACT,99,ACCEPTED,2496419,true,,
coua ruficeps,bird,"Coua ruficeps G.R.Gray, 1846",Aves,SPECIES,EXACT,99,ACCEPTED,2496420,true,,
coua serriana,bird,"Coua serriana Pucheran, 1845",Aves,SPECIES,EXACT,99,ACCEPTED,2496423,true,,
coua sp,,,,,NONE,100,,,false,,
crax alector,bird,"Crax alector Linnaeus, 1766",Aves,SPECIES,EXACT,99,ACCEPTED,2482173,true,,
crax rubra,bird,"Crax rubra Linnaeus, 1758",Aves,SPECIES,EXACT,99,ACCEPTED,2482168,true,,
cricetomys gambianus,mammal,"Cricetomys gambianus Waterhouse, 1840",Mammalia,SPECIES,EXACT,99,ACCEPTED,2438550,true,,
crocuta crocuta,mammal,"Crocuta crocuta (Erxleben, 1777)",Mammalia,SPECIES,EXACT,99,ACCEPTED,5218781,true,,
cryptoprocta ferox,mammal,"Cryptoprocta ferox Bennett, 1833",Mammalia,SPECIES,EXACT,99,ACCEPTED,2433516,true,,
crypturellus atrocapillus,bird,"Crypturellus atrocapillus (Tschudi, 1844)",Aves,SPECIES,EXACT,99,ACCEPTED,2477529,true,,
crypturellus boucardi,bird,"Crypturellus boucardi (P.L.Sclater, 1860)",Aves,SPECIES,EXACT,99,ACCEPTED,2477567,true,,
crypturellus cinereus,bird,"Crypturellus cinereus (J.F.Gmelin, 1789)",Aves,SPECIES,EXACT,99,ACCEPTED,2477533,true,,
crypturellus cinnamomeus,bird,"Crypturellus cinnamomeus (Lesson, 1842)",Aves,SPECIES,EXACT,99,ACCEPTED,2477493,true,,
crypturellus erythropus,bird,"Crypturellus erythropus (Pelzeln, 1863)",Aves,SPECIES,EXACT,99,ACCEPTED,2477546,true,,
crypturellus pos bartletti,,"Crypturellus Brabourne & C.Chubb, 1914",Aves,GENUS,HIGHERRANK,94,ACCEPTED,2477492,false,,
crypturellus soui,bird,"Crypturellus soui (Hermann, 1783)",Aves,SPECIES,EXACT,99,ACCEPTED,2477507,true,,
crypturellus sp,,,,,NONE,100,,,false,,
crypturellus undulatus,bird,"Crypturellus undulatus (Temminck, 1815)",Aves,SPECIES,EXACT,99,ACCEPTED,2477560,true,,
crypturellus variegatus,bird,"Crypturellus variegatus (J.F.Gmelin, 1789)",Aves,SPECIES,EXACT,99,ACCEPTED,2477527,true,,
crypturelus sp,,,,,NONE,100,,,false,,
cuniculus paca,mammal,"Cuniculus paca (Linnaeus, 1766)",Mammalia,SPECIES,EXACT,99,ACCEPTED,4263039,true,,
cuniculus taczanowskii,mammal,"Cuniculus taczanowskii (Stolzmann, 1865)",Mammalia,SPECIES,EXACT,99,ACCEPTED,5706515,true,,
cuon alpinus,mammal,"Cuon alpinus (Pallas, 1811)",Mammalia,SPECIES,EXACT,99,ACCEPTED,2434317,true,,
cyanoptila cyanomelana,bird,"Cyanoptila cyanomelana (Temminck, 1829)",Aves,SPECIES,EXACT,99,ACCEPTED,2492391,true,,
cyornis banyumas,bird,"Cyornis banyumas (Horsfield, 1821)",Aves,SPECIES,EXACT,99,ACCEPTED,2492430,true,,
daptrius ater,bird,"Daptrius ater Vieillot, 1816",Aves,SPECIES,EXACT,99,ACCEPTED,2481073,true,,
dasiprocta punctata,,"Dasyprocta punctata Gray, 1842",Mammalia,SPECIES,FUZZY,85,ACCEPTED,2437576,false,,
dasyprocta fuliginosa,mammal,"Dasyprocta fuliginosa Wagler, 1832",Mammalia,SPECIES,EXACT,99,ACCEPTED,2437581,true,,
dasyprocta leporina,mammal,"Dasyprocta leporina (Linnaeus, 1758)",Mammalia,SPECIES,EXACT,99,ACCEPTED,2437577,true,,
dasyprocta punctata,mammal,"Dasyprocta punctata Gray, 1842",Mammalia,SPECIES,EXACT,99,ACCEPTED,2437576,true,,
dasypus kappleri,mammal,"Dasypus kappleri Krauss, 1862",Mammalia,SPECIES,EXACT,99,ACCEPTED,2440788,true,,
dasypus novemcinctus,mammal,"Dasypus novemcinctus Linnaeus, 1758",Mammalia,SPECIES,EXACT,99,ACCEPTED,2440779,true,,
daubentonia madagascariensis,mammal,"Daubentonia madagascariensis (Gmelin, 1788)",Mammalia,SPECIES,EXACT,99,ACCEPTED,5219587,true,,
dendrocitta occipitalas,,"Dendrocitta occipitalis (S.Muller, 1836)",Aves,SPECIES,FUZZY,96,ACCEPTED,2482453,false,,
dendrocitta occipitalis,bird,"Dendrocitta occipitalis (S.Muller, 1836)",Aves,SPECIES,EXACT,99,ACCEPTED,2482453,true,,
dendrohyrax arboreus,mammal,"Dendrohyrax arboreus (A.Smith, 1827)",Mammalia,SPECIES,EXACT,99,ACCEPTED,2437044,true,,
dendroperdix sephaena,bird,"Dendroperdix sephaena (A.Smith, 1836)",Aves,SPECIES,EXACT,98,SYNONYM,5844225,true,,
deomys ferrugineus,mammal,"Deomys ferrugineus Thomas, 1888",Mammalia,SPECIES,EXACT,99,ACCEPTED,2438901,true,,
dicaeum trigonostigma,bird,"Dicaeum trigonostigma (Scopoli, 1786)",Aves,SPECIES,EXACT,99,ACCEPTED,2484724,true,,
dicerorhinus sumatrensis,mammal,"Dicerorhinus sumatrensis (G.Fischer, 1814)",Mammalia,SPECIES,EXACT,99,ACCEPTED,2440878,true,,
diceros bicornis,mammal,"Diceros bicornis (Linnaeus, 1758)",Mammalia,SPECIES,EXACT,99,ACCEPTED,5220111,true,,
dicrurus adsimilis,bird,"Dicrurus adsimilis (Bechstein, 1794)",Aves,SPECIES,EXACT,99,ACCEPTED,2493963,true,,
didelphis imperfecta,mammal,"Didelphis imperfecta Mondolfi & Pérez-Hernández, 1984",Mammalia,SPECIES,EXACT,99,ACCEPTED,2439929,true,,
didelphis marsupialis,mammal,"Didelphis marsupialis Linnaeus, 1758",Mammalia,SPECIES,EXACT,99,ACCEPTED,2439920,true,,
didelphis pernigra,mammal,"Didelphis pernigra J.A.Allen, 1900",Mammalia,SPECIES,EXACT,99,ACCEPTED,2439919,true,,
didelphis sp,,,,,NONE,100,,,false,,
didelphis virginiana,mammal,"Didelphis virginiana Kerr, 1792",Mammalia,SPECIES,EXACT,99,ACCEPTED,2439923,true,,
dioptrornis fischeri,bird,"Dioptrornis fischeri Reichenow, 1884",Aves,SPECIES,EXACT,99,ACCEPTED,2492414,true,,
dremomys rufigenis,mammal,"Dremomys rufigenis (Blanford, 1878)",Mammalia,SPECIES,EXACT,99,ACCEPTED,2437278,true,,
egretta thula,bird,"Egretta thula (Molina, 1782)",Aves,SPECIES,EXACT,99,ACCEPTED,2480873,true,,
eira barbara,mammal,"Eira barbara (Linnaeus, 1758)",Mammalia,SPECIES,EXACT,99,ACCEPTED,2433716,true,,
elephas maximus,mammal,"Elephas maximus Linnaeus, 1758",Mammalia,SPECIES,EXACT,99,ACCEPTED,5219461,true,,
eliurus penicillatus,mammal,"Eliurus penicillatus Thomas, 1908",Mammalia,SPECIES,EXACT,99,ACCEPTED,2438528,true,,
eliurus petteri,mammal,"Eliurus petteri Carleton, 1994",Mammalia,SPECIES,EXACT,99,ACCEPTED,4263422,true,,
eliurus sp,,,,,NONE,100,,,false,,
eliurus spp,,"Eliurus Milne-Edwards, 1885",Mammalia,GENUS,HIGHERRANK,94,ACCEPTED,2438523,false,,
eliurus webbi,mammal,"Eliurus webbi Ellerman, 1949",Mammalia,SPECIES,EXACT,99,ACCEPTED,2438524,true,,
empty,,,,,NONE,100,,,false,,
end,,,,,NONE,100,,,false,,
enicurus leschenaulti,bird,"Enicurus leschenaulti (Vieillot, 1818)",Aves,SPECIES,EXACT,99,ACCEPTED,2492629,true,,
enicurus schistaceus,bird,"Enicurus schistaceus (Hodgson, 1836)",Aves,SPECIES,EXACT,99,ACCEPTED,2492628,true,,
equus africanus,mammal,"Equus africanus Heuglin & Fitzinger, 1866",Mammalia,SPECIES,EXACT,99,ACCEPTED,5787168,true,,
equus caballus,mammal,"Equus caballus Linnaeus, 1758",Mammalia,SPECIES,EXACT,99,ACCEPTED,2440886,true,,
equus ferus,mammal,"Equus ferus Boddaert, 1785",Mammalia,SPECIES,EXACT,97,ACCEPTED,4409270,true,,
equus grevyi,mammal,"Equus grevyi Oustalet, 1882",Mammalia,SPECIES,EXACT,99,ACCEPTED,2440894,true,,
equus quagga,mammal,"Equus quagga Boddaert, 1785",Mammalia,SPECIES,EXACT,98,ACCEPTED,2440892,true,,
erithacus cyane,,"Erithacus cyanurus (Pallas, 1773)",Aves,SPECIES,FUZZY,92,SYNONYM,7362767,false,,
erythrocebus patas,mammal,"Erythrocebus patas (Schreber, 1774)",Mammalia,SPECIES,EXACT,99,ACCEPTED,2436548,true,,
eudorcas rufifrons,mammal,"Eudorcas rufifrons (Gray, 1846)",Mammalia,SPECIES,EXACT,99,ACCEPTED,7261425,true,,
eudorcas thomsonii,mammal,"Eudorcas thomsonii (Günther, 1884)",Mammalia,SPECIES,EXACT,99,ACCEPTED,7261427,true,,
eulemur albifrons,mammal,"Eulemur albifrons (É.Geoffroy Saint-Hilaire, 1796)",Mammalia,SPECIES,EXACT,99,ACCEPTED,9131667,true,,
euphractus sexcinctus,mammal,"Euphractus sexcinctus (Linnaeus, 1758)",Mammalia,SPECIES,EXACT,99,ACCEPTED,2440799,true,,
eupleres goudotii,mammal,"Eupleres goudotii Doyère, 1835",Mammalia,SPECIES,EXACT,99,ACCEPTED,2433512,true,,
eupodotis senegalensis,bird,"Eupodotis senegalensis (Vieillot, 1820)",Aves,SPECIES,EXACT,99,ACCEPTED,2474890,true,,
eurocephalus rueppelli,bird,"Eurocephalus rueppelli Bonaparte, 1853",Aves,SPECIES,EXACT,98,SYNONYM,2492842,true,,
euryceros prevostii,bird,"Euryceros prevostii Lesson, 1831",Aves,SPECIES,EXACT,99,ACCEPTED,5231781,true,,
eurypyga helias,bird,"Eurypyga helias (Pallas, 1781)",Aves,SPECIES,EXACT,99,ACCEPTED,2474332,true,,
eutriorchis astur,bird,"Eutriorchis astur Sharpe, 1875",Aves,SPECIES,EXACT,99,ACCEPTED,2480471,true,,
falcon,,,,,NONE,100,,,false,,
felis chaus,mammal,"Felis chaus Schreber, 1777",Mammalia,SPECIES,EXACT,98,ACCEPTED,2435066,true,,
felis silvestris,mammal,"Felis silvestris Schreber, 1777",Mammalia,SPECIES,EXACT,99,ACCEPTED,7964291,true,,
felis sp,,,,,NONE,100,,,false,,
ficedula mugimaki,bird,"Ficedula mugimaki (Temminck, 1836)",Aves,SPECIES,EXACT,99,ACCEPTED,5231268,true,,
ficedula tricolor,bird,"Ficedula tricolor (Hodgson, 1845)",Aves,SPECIES,EXACT,99,ACCEPTED,5231270,true,,
flying insect,,,,,NONE,100,,,false,,
formicarius analis,bird,"Formicarius analis (Orbigny & Lafresnaye, 1837)",Aves,SPECIES,EXACT,99,ACCEPTED,2490551,true,,
formicarius colma,bird,"Formicarius colma Boddaert, 1783",Aves,SPECIES,EXACT,99,ACCEPTED,2490548,true,,
fossa fossana,mammal,"Fossa fossana (Müller, 1776)",Mammalia,SPECIES,EXACT,99,ACCEPTED,2433529,true,,
francolinus africanus,bird,"Francolinus africanus Stephens, 1819",Aves,SPECIES,EXACT,98,SYNONYM,5227887,true,,
francolinus nobilis,bird,"Francolinus nobilis Reichenow, 1908",Aves,SPECIES,EXACT,98,SYNONYM,5227901,true,,
francolinus sp,,,,,NONE,100,,,false,,
funisciurus carruthersi,mammal,"Funisciurus carruthersi Thomas, 1906",Mammalia,SPECIES,EXACT,99,ACCEPTED,2437416,true,,
funisciurus pyrropus,mammal,"Funisciurus pyrropus (F.Cuvier, 1833)",Mammalia,SPECIES,EXACT,99,ACCEPTED,2437411,true,,
galago senegalensis,mammal,"Galago senegalensis É.Geoffroy Saint-Hilaire, 1796",Mammalia,SPECIES,EXACT,99,ACCEPTED,9198359,true,,
galictis vittata,mammal,"Galictis vittata (Schreber, 1776)",Mammalia,SPECIES,EXACT,99,ACCEPTED,5218906,true,,
galidia elegans,mammal,"Galidia elegans I.Geoffroy Saint-Hilaire, 1837",Mammalia,SPECIES,EXACT,99,ACCEPTED,2433507,true,,
galidictis fasciata,mammal,"Galidictis fasciata (Gmelin, 1788)",Mammalia,SPECIES,EXACT,99,ACCEPTED,5218783,true,,
gallus gallus,bird,"Gallus gallus (Linnaeus, 1758)",Aves,SPECIES,EXACT,99,ACCEPTED,9326020,true,,
genetta genetta,mammal,"Genetta genetta (Linnaeus, 1758)",Mammalia,SPECIES,EXACT,99,ACCEPTED,5219362,true,,
genetta maculata,mammal,"Genetta maculata (Gray, 1830)",Mammalia,SPECIES,EXACT,99,ACCEPTED,5219355,true,,
genetta servalina,mammal,"Genetta servalina Pucheran, 1855",Mammalia,SPECIES,EXACT,99,ACCEPTED,5219342,true,,
genetta tigrina,mammal,"Genetta tigrina (Schreber, 1776)",Mammalia,SPECIES,EXACT,99,ACCEPTED,5219356,true,,
geobiastes squamiger,bird,"Geobiastes squamiger (Lafresnaye, 1838)",Aves,SPECIES,EXACT,99,ACCEPTED,2475336,true,,
geokichla citrina,bird,"Geokichla citrina (Latham, 1790)",Aves,SPECIES,EXACT,99,ACCEPTED,6100882,true,,
geokichla gurneyi,bird,"Geokichla gurneyi (Hartlaub, 1864)",Aves,SPECIES,EXACT,99,ACCEPTED,6100889,true,,
geotrygon montana,bird,"Geotrygon montana (Linnaeus, 1758)",Aves,SPECIES,EXACT,99,ACCEPTED,2496121,true,,
geotrygon saphirina,bird,"Geotrygon saphirina Bonaparte, 1855",Aves,SPECIES,EXACT,99,ACCEPTED,2496115,true,,
geotrygon sp,,,,,NONE,100,,,false,,
giraffa camelopardalis,mammal,"Giraffa camelopardalis (Linnaeus, 1758)",Mammalia,SPECIES,EXACT,99,ACCEPTED,2441205,true,,
grallaria andicolus,bird,"Grallaria andicolus (Cabanis, 1873)",Aves,SPECIES,EXACT,99,ACCEPTED,7341001,true,,
group,,,,,NONE,100,,,false,,
guttera pucherani,bird,"Guttera pucherani (Hartlaub, 1861)",Aves,SPECIES,EXACT,99,ACCEPTED,2473325,true,,
haliaeetus vociferoides,bird,"Haliaeetus vociferoides Des Murs, 1845",Aves,SPECIES,EXACT,99,ACCEPTED,2480452,true,,
haploxypterus cayanus,,"Hoploxypterus cayanus (Latham, 1790)",Aves,SPECIES,FUZZY,85,ACCEPTED,2480250,false,,
harpia harpyja,bird,"Harpia harpyja (Linnaeus, 1758)",Aves,SPECIES,EXACT,99,ACCEPTED,2480516,true,,
harpyhaliaetus solitarius,bird,"Harpyhaliaetus solitarius (Tschudi, 1844)",Aves,SPECIES,EXACT,99,ACCEPTED,2480374,true,,
helarctos malayanus,mammal,"Helarctos malayanus (Raffles, 1822)",Mammalia,SPECIES,EXACT,99,ACCEPTED,2433403,true,,
heliosciurus rufobrachium,mammal,"Heliosciurus rufobrachium (Waterhouse, 1842)",Mammalia,SPECIES,EXACT,99,ACCEPTED,2437540,true,,
heliosciurus ruwenzorii,mammal,"Heliosciurus ruwenzorii (Schwann, 1904)",Mammalia,SPECIES,EXACT,99,ACCEPTED,2437543,true,,
helogale parvula,mammal,"Helogale parvula (Sundevall, 1847)",Mammalia,SPECIES,EXACT,99,ACCEPTED,2434165,true,,
hemicentetes semispinosus,mammal,"Hemicentetes semispinosus (G.Cuvier, 1798)",Mammalia,SPECIES,EXACT,99,ACCEPTED,2432143,true,,
hemigalus derbyanus,mammal,"Hemigalus derbyanus (Gray, 1837)",Mammalia,SPECIES,EXACT,99,ACCEPTED,2434623,true,,
hemitesia neumanni,bird,"Hemitesia neumanni (Rothschild, 1908)",Aves,SPECIES,EXACT,98,SYNONYM,2493171,true,,
herpailurus yaguarondi,mammal,"Herpailurus yaguarondi (Lacépède, 1809)",Mammalia,SPECIES,EXACT,98,SYNONYM,2435156,true,,
herpestes sanguineus,mammal,"Herpestes sanguineus (Rüppell, 1835)",Mammalia,SPECIES,EXACT,98,SYNONYM,5787207,true,,
herpestes semitorquatus,mammal,"Herpestes semitorquatus Gray, 1846",Mammalia,SPECIES,EXACT,98,ACCEPTED,2434296,true,,
herpestes urva,mammal,"Herpestes urva (Hodgson, 1836)",Mammalia,SPECIES,EXACT,99,ACCEPTED,2434244,true,,
heterohyrax brucei,mammal,"Heterohyrax brucei (Gray, 1868)",Mammalia,SPECIES,EXACT,99,ACCEPTED,2437073,true,,
hippocamelus antisensis,mammal,"Hippocamelus antisensis (d'Orbigny, 1834)",Mammalia,SPECIES,EXACT,99,ACCEPTED,2440980,true,,
hippopotamus amphibius,mammal,"Hippopotamus amphibius Linnaeus, 1758",Mammalia,SPECIES,EXACT,99,ACCEPTED,2441247,true,,
hoploxypterus cayanus,bird,"Hoploxypterus cayanus (Latham, 1790)",Aves,SPECIES,EXACT,99,ACCEPTED,2480250,true,,
horse,,,,,NONE,100,,,false,,
human,,,,,NONE,100,,,false,,
hyaena hyaena,mammal,"Hyaena hyaena (Linnaeus, 1758)",Mammalia,SPECIES,EXACT,99,ACCEPTED,5218777,true,,
hybomys univittatus,mammal,"Hybomys univittatus (Peters, 1876)",Mammalia,SPECIES,EXACT,99,ACCEPTED,2439071,true,,
hydrochoerus hydrochaeris,mammal,"Hydrochoerus hydrochaeris (Linnaeus, 1766)",Mammalia,SPECIES,EXACT,99,ACCEPTED,5786666,true,,
hydrornis cyaneus,bird,"Hydrornis cyaneus (Blyth, 1843)",Aves,SPECIES,EXACT,98,SYNONYM,6101085,true,,
hydrornis oatesi,bird,"Hydrornis oatesi Hume, 1873",Aves,SPECIES,EXACT,98,SYNONYM,6101092,true,,
hylomyscus stella,mammal,"Hylomyscus stella (Thomas, 1911)",Mammalia,SPECIES,EXACT,99,ACCEPTED,2439340,true,,
hylopetes alboniger,mammal,"Hylopetes alboniger (Hodgson, 1836)",Mammalia,SPECIES,EXACT,99,ACCEPTED,2437530,true,,
hypogeomys antimena,mammal,"Hypogeomys antimena A.Grandidier, 1869",Mammalia,SPECIES,EXACT,99,ACCEPTED,2438545,true,,
hystrix africaeaustralis,mammal,"Hystrix africaeaustralis Peters, 1852",Mammalia,SPECIES,EXACT,99,ACCEPTED,5219885,true,,
hystrix brachyura,mammal,"Hystrix brachyura Linnaeus, 1758",Mammalia,SPECIES,EXACT,99,ACCEPTED,5219890,true,,
hystrix cristata,mammal,"Hystrix cristata Linnaeus, 1758",Mammalia,SPECIES,EXACT,99,ACCEPTED,5219888,true,,
ichneumia albicauda,mammal,"Ichneumia albicauda (G.Cuvier, 1829)",Mammalia,SPECIES,EXACT,99,ACCEPTED,2434150,true,,
ictonyx striatus,mammal,"Ictonyx striatus (Perry, 1810)",Mammalia,SPECIES,EXACT,99,ACCEPTED,2433840,true,,
iduna aedon,bird,"Iduna aedon (Pallas, 1776)",Aves,SPECIES,EXACT,99,ACCEPTED,6101024,true,,
jynx torquilla,bird,"Jynx torquilla Linnaeus, 1758",Aves,SPECIES,EXACT,99,ACCEPTED,8012314,true,,
kobus ellipsiprymnus,mammal,"Kobus ellipsiprymnus (Ogilby, 1833)",Mammalia,SPECIES,EXACT,99,ACCEPTED,5220160,true,,
lagidium viscacia,mammal,"Lagidium viscacia (Molina, 1782)",Mammalia,SPECIES,EXACT,99,ACCEPTED,2439834,true,,
lamprotornis chalybaeus,bird,"Lamprotornis chalybaeus Hemprich & Ehrenberg, 1828",Aves,SPECIES,EXACT,99,ACCEPTED,2489071,true,,
lamprotornis hildebrandti,bird,"Lamprotornis hildebrandti (Cabanis, 1878)",Aves,SPECIES,EXACT,99,ACCEPTED,2489078,true,,
lamprotornis superbus,bird,"Lamprotornis superbus Rüppell, 1845",Aves,SPECIES,EXACT,99,ACCEPTED,2489075,true,,
lanarius funebris,,"Laniarius funebris (Hartlaub, 1863)",Aves,SPECIES,FUZZY,85,ACCEPTED,2484861,false,,
lanius collaris,bird,"Lanius collaris Linnaeus, 1766",Aves,SPECIES,EXACT,99,ACCEPTED,2492863,true,,
lariscus insignis,mammal,"Lariscus insignis (F.Cuvier, 1821)",Mammalia,SPECIES,EXACT,99,ACCEPTED,2437524,true,,
leiothrix argentauris,bird,"Leiothrix argentauris (Hodgson, 1837)",Aves,SPECIES,EXACT,99,ACCEPTED,5231397,true,,
lemur,,"? lemur Cope, 1879",Mammalia,UNRANKED,EXACT,96,DOUBTFUL,9568850,false,,
leopardus pardalis,mammal,"Leopardus pardalis (Linnaeus, 1758)",Mammalia,SPECIES,EXACT,99,ACCEPTED,2434982,true,,
leopardus sp,,,,,NONE,100,,,false,,
leopardus tigrinus,mammal,"Leopardus tigrinus (Schreber, 1775)",Mammalia,SPECIES,EXACT,99,ACCEPTED,2434930,true,,
leopardus weidii,,"Leopardus wiedii (Schinz, 1821)",Mammalia,SPECIES,FUZZY,95,ACCEPTED,2434950,false,,
leopardus wiedii,mammal,"Leopardus wiedii (Schinz, 1821)",Mammalia,SPECIES,EXACT,99,ACCEPTED,2434950,true,,
leptailurus serval,mammal,"Leptailurus serval (Schreber, 1776)",Mammalia,SPECIES,EXACT,99,ACCEPTED,2435172,true,,
leptotila plumbeiceps,bird,"Leptotila plumbeiceps P.L.Sclater & Salvin, 1868",Aves,SPECIES,EXACT,99,ACCEPTED,2496075,true,,
leptotila rufaxilla,bird,"Leptotila rufaxilla (Richard & Bernard, 1792)",Aves,SPECIES,EXACT,99,ACCEPTED,2496081,true,,
leptotila sp,,,,,NONE,100,,,false,,
leptotila verreauxi,bird,"Leptotila verreauxi Bonaparte, 1855",Aves,SPECIES,EXACT,99,ACCEPTED,2496060,true,,
lepus saxatilis,mammal,"Lepus saxatilis F.Cuvier, 1823",Mammalia,SPECIES,EXACT,99,ACCEPTED,2436775,true,,
lissotis hartlaubii,bird,"Lissotis hartlaubii (Heuglin, 1863)",Aves,SPECIES,EXACT,99,ACCEPTED,2474848,true,,
lissotis melanogaster,bird,"Lissotis melanogaster (Ruppell, 1835)",Aves,SPECIES,EXACT,99,ACCEPTED,2474850,true,,
litocranius walleri,mammal,"Litocranius walleri (Brooke, 1879)",Mammalia,SPECIES,EXACT,99,ACCEPTED,2441093,true,,
lontra longicaudis,mammal,"Lontra longicaudis (Olfers, 1818)",Mammalia,SPECIES,EXACT,99,ACCEPTED,2433738,true,,
lophotibis cristata,bird,"Lophotibis cristata (Boddaert, 1783)",Aves,SPECIES,EXACT,99,ACCEPTED,2480814,true,,
lophotibis cristataa,,"Lophotibis cristata (Boddaert, 1783)",Aves,SPECIES,FUZZY,95,ACCEPTED,2480814,false,,
lophotis gindiana,bird,"Lophotis gindiana (Oustalet, 1881)",Aves,SPECIES,EXACT,99,ACCEPTED,2474880,true,,
lophura diardi,bird,"Lophura diardi (Bonaparte, 1856)",Aves,SPECIES,EXACT,99,ACCEPTED,5227987,true,,
lophura erythrophthalma,bird,"Lophura erythrophthalma (Raffles, 1822)",Aves,SPECIES,EXACT,99,ACCEPTED,5228002,true,,
lophura ignita,bird,"Lophura ignita (Shaw, 1798)",Aves,SPECIES,EXACT,99,ACCEPTED,5227961,true,,
lophura inornata,bird,"Lophura inornata (Salvadori, 1879)",Aves,SPECIES,EXACT,99,ACCEPTED,5227988,true,,
lophura nycthemera,bird,"Lophura nycthemera (Linnaeus, 1758)",Aves,SPECIES,EXACT,99,ACCEPTED,5227966,true,,
lophura sp,,,,,NONE,100,,,false,,
loxodonta africana,mammal,"Loxodonta africana (Blumenbach, 1797)",Mammalia,SPECIES,EXACT,99,ACCEPTED,2435350,true,,
luscinia cyane,bird,"Luscinia cyane (Pallas, 1776)",Aves,SPECIES,EXACT,99,ACCEPTED,2492543,true,,
lutreolina crassicaudata,mammal,"Lutreolina crassicaudata (Desmarest, 1804)",Mammalia,SPECIES,EXACT,99,ACCEPTED,2439988,true,,
lycalopex culpaeus,mammal,"Lycalopex culpaeus (Molina, 1782)",Mammalia,SPECIES,EXACT,99,ACCEPTED,2434340,true,,
lycaon pictus,mammal,"Lycaon pictus (Temminck, 1820)",Mammalia,SPECIES,EXACT,99,ACCEPTED,5219317,true,,
macaca arctoides,mammal,"Macaca arctoides (I.Geoffroy Saint-Hilaire, 1831)",Mammalia,SPECIES,EXACT,99,ACCEPTED,2436605,true,,
macaca assamensis,mammal,"Macaca assamensis (McClelland, 1840)",Mammalia,SPECIES,EXACT,99,ACCEPTED,2436610,true,,
macaca fascicularis,mammal,"Macaca fascicularis (Raffles, 1821)",Mammalia,SPECIES,EXACT,99,ACCEPTED,2436603,true,,
macaca mulatta,mammal,"Macaca mulatta (Zimmermann, 1780)",Mammalia,SPECIES,EXACT,99,ACCEPTED,2436604,true,,
macaca nemestrina,mammal,"Macaca nemestrina (Linnaeus, 1766)",Mammalia,SPECIES,EXACT,99,ACCEPTED,2436611,true,,
madoqua guentheri,mammal,"Madoqua guentheri Thomas, 1894",Mammalia,SPECIES,EXACT,99,ACCEPTED,2441003,true,,
malacomys longipes,mammal,"Malacomys longipes Milne-Edwards, 1877",Mammalia,SPECIES,EXACT,99,ACCEPTED,2439147,true,,
mamotus mamota,,"Momotus momota (Linnaeus, 1766)",Aves,SPECIES,FUZZY,80,ACCEPTED,2475290,false,,
manis javanica,mammal,"Manis javanica Desmarest, 1822",Mammalia,SPECIES,EXACT,99,ACCEPTED,5219628,true,,
martes flavigula,mammal,"Martes flavigula (Boddaert, 1785)",Mammalia,SPECIES,EXACT,99,ACCEPTED,5218844,true,,
mazama  temama,mammal,"Mazama temama (Kerr, 1792)",Mammalia,SPECIES,EXACT,99,ACCEPTED,7261373,true,,
mazama americana,mammal,"Mazama americana (Erxleben, 1777)",Mammalia,SPECIES,EXACT,99,ACCEPTED,5220123,true,,
mazama chunyi,mammal,"Mazama chunyi Hershkovitz, 1959",Mammalia,SPECIES,EXACT,99,ACCEPTED,5220125,true,,
mazama gouazaoubira,,Mazama gouazoubira G.Fischer,Mammalia,SPECIES,FUZZY,94,ACCEPTED,7261375,false,,
mazama gouazoubira,mammal,Mazama gouazoubira G.Fischer,Mammalia,SPECIES,EXACT,99,ACCEPTED,7261375,true,,
mazama gouazoupira,mammal,"Mazama gouazoupira (G.Fischer, 1814)",Mammalia,SPECIES,EXACT,98,SYNONYM,5220120,true,,
mazama pandora,mammal,"Mazama pandora Merriam, 1901",Mammalia,SPECIES,EXACT,99,ACCEPTED,5706277,true,,
mazama sp,,,,,NONE,100,,,false,,
mazama temama,mammal,"Mazama temama (Kerr, 1792)",Mammalia,SPECIES,EXACT,99,ACCEPTED,7261373,true,,
melaenornis ardesiacus,bird,"Melaenornis ardesiacus Berlioz, 1936",Aves,SPECIES,EXACT,99,ACCEPTED,2492657,true,,
melaenornis pammelaina,bird,"Melaenornis pammelaina (Stanley, 1814)",Aves,SPECIES,EXACT,99,ACCEPTED,2492656,true,,
meleagris ocellata,bird,"Meleagris ocellata Cuvier, 1820",Aves,SPECIES,EXACT,99,ACCEPTED,5227755,true,,
meleagris ocellote,,"Meleagris ocellata Cuvier, 1820",Aves,SPECIES,FUZZY,95,ACCEPTED,5227755,false,,
melierax poliopterus,bird,"Melierax poliopterus Cabanis, 1868",Aves,SPECIES,EXACT,99,ACCEPTED,2480731,true,,
mellivora capensis,mammal,"Mellivora capensis (Schreber, 1776)",Mammalia,SPECIES,EXACT,99,ACCEPTED,2433695,true,,
melocichla mentalis,bird,"Melocichla mentalis (Fraser, 1843)",Aves,SPECIES,EXACT,99,ACCEPTED,2493533,true,,
melogale everetti,mammal,"Melogale everetti (Thomas, 1895)",Mammalia,SPECIES,EXACT,99,ACCEPTED,2433635,true,,
melogale personata,mammal,"Melogale personata I.Geoffroy Saint-Hilaire, 1831",Mammalia,SPECIES,EXACT,99,ACCEPTED,2433644,true,,
mesembrinibis cayennensis,bird,"Mesembrinibis cayennensis (Gmelin, 1789)",Aves,SPECIES,EXACT,99,ACCEPTED,2480808,true,,
mesembrinis cayannensis,,,,,NONE,100,,,false,,
mesopicos griseocephalus,bird,"Mesopicos griseocephalus (Boddaert, 1783)",Aves,SPECIES,EXACT,98,SYNONYM,5789366,true,,
metachirus nudicaudatus,mammal,"Metachirus nudicaudatus (É.Geoffroy Saint-Hilaire, 1803)",Mammalia,SPECIES,EXACT,98,ACCEPTED,9686324,true,,
metachirus nudicudatus,,"Metachirus nudicaudatus (É.Geoffroy Saint-Hilaire, 1803)",Mammalia,SPECIES,FUZZY,94,ACCEPTED,9686324,false,,
micrastur sp,,,,,NONE,100,,,false,,
microcebus murinus,mammal,"Microcebus murinus (J.F.Miller, 1777)",Mammalia,SPECIES,EXACT,99,ACCEPTED,2436447,true,,
microgale sp,,,,,NONE,100,,,false,,
microsciurus flaviventer,mammal,"Microsciurus flaviventer (Gray, 1867)",Mammalia,SPECIES,EXACT,99,ACCEPTED,2437361,true,,
microsciurus mimulus,mammal,"Microsciurus mimulus (Thomas, 1898)",Mammalia,SPECIES,EXACT,99,ACCEPTED,2437360,true,,
millipede,,,,,NONE,100,,,false,,
mirafra sp,,,,,NONE,100,,,false,,
misfire,,,,,NONE,100,,,false,,
mitu salvini,bird,"Mitu salvini Reinhardt, 1879",Aves,SPECIES,EXACT,99,ACCEPTED,2482276,true,,
mitu tomentosa,,"Mitu tomentosum (Spix, 1825)",Aves,SPECIES,FUZZY,96,ACCEPTED,2482282,false,,
mitu tuberosum,bird,"Mitu tuberosum (Spix, 1825)",Aves,SPECIES,EXACT,99,ACCEPTED,2482278,true,,
molothrus oryzivorus,bird,"Molothrus oryzivorus (Gmelin, 1788)",Aves,SPECIES,EXACT,99,ACCEPTED,2484386,true,,
momotus momota,bird,"Momotus momota (Linnaeus, 1766)",Aves,SPECIES,EXACT,99,ACCEPTED,2475290,true,,
monasa morphoeus,bird,"Monasa morphoeus (Hahn & Küster, 1823)",Aves,SPECIES,EXACT,99,ACCEPTED,2475179,true,,
morphnus guianensis,bird,"Morphnus guianensis (Daudin, 1800)",Aves,SPECIES,EXACT,99,ACCEPTED,2480576,true,,
motacilla flava,bird,"Motacilla flava Linnaeus, 1758",Aves,SPECIES,EXACT,99,ACCEPTED,9701857,true,,
motacilla flaviventris,bird,"Motacilla flaviventris Hartlaub, 1860",Aves,SPECIES,EXACT,99,ACCEPTED,2490309,true,,
motorcycle,,,,,NONE,100,,,false,,
mungos mungo,mammal,"Mungos mungo (Gmelin, 1788)",Mammalia,SPECIES,EXACT,99,ACCEPTED,5219080,true,,
muntiacus muntjak,mammal,"Muntiacus muntjak (Zimmermann, 1780)",Mammalia,SPECIES,EXACT,99,ACCEPTED,2440943,true,,
muntiacus rooseveltorum,mammal,"Muntiacus rooseveltorum Osgood, 1932",Mammalia,SPECIES,EXACT,99,ACCEPTED,4262419,true,,
muntiacus sp,,,,,NONE,100,,,false,,
muntiacus vuquangensis,mammal,"Muntiacus vuquangensis (Tuoc, Dung, Dawson, Arctander & Mackinnon, 1994)",Mammalia,SPECIES,EXACT,99,ACCEPTED,4262425,true,,
mus minutoides,mammal,"Mus minutoides A.Smith, 1834",Mammalia,SPECIES,EXACT,99,ACCEPTED,2438796,true,,
muscicapidae,,,,,NONE,100,,,false,,
musophaga rossae,bird,"Musophaga rossae Gould, 1852",Aves,SPECIES,EXACT,99,ACCEPTED,2475214,true,,
mustela frenata,mammal,"Mustela frenata Lichtenstein, 1831",Mammalia,SPECIES,EXACT,99,ACCEPTED,5218919,true,,
mustela kathiah,mammal,"Mustela kathiah Hodgson, 1835",Mammalia,SPECIES,EXACT,98,ACCEPTED,5218969,true,,
mustela lutreolina,mammal,"Mustela lutreolina Robinson & Thomas, 1917",Mammalia,SPECIES,EXACT,98,ACCEPTED,5219070,true,,
mustela strigidorsa,mammal,"Mustela strigidorsa Gray, 1853",Mammalia,SPECIES,EXACT,98,ACCEPTED,5219018,true,,
mydaus javanensis,mammal,"Mydaus javanensis (Desmarest, 1820)",Mammalia,SPECIES,EXACT,99,ACCEPTED,2434845,true,,
myiophoneus caeruleus,,"Myiophonus caeruleus (Scopoli, 1786)",Aves,SPECIES,FUZZY,84,SYNONYM,2490796,false,,
myiophoneus glaucinus,,"Myiophonus glaucinus (Temminck, 1823)",Aves,SPECIES,FUZZY,84,SYNONYM,2490794,false,,
myiophoneus melanurus,,"Myiophonus melanurus (Salvadori, 1879)",Aves,SPECIES,FUZZY,84,SYNONYM,2490795,false,,
myophonus caeruleus,bird,"Myophonus caeruleus (Scopoli, 1786)",Aves,SPECIES,EXACT,99,ACCEPTED,7341196,true,,
myophonus caerulus,,"Myophonus caeruleus (Scopoli, 1786)",Aves,SPECIES,FUZZY,95,ACCEPTED,7341196,false,,
myoprocta pratii,,"Myoprocta Thomas, 1903",Mammalia,GENUS,HIGHERRANK,95,ACCEPTED,2437588,false,,
myoprocta pratti,mammal,"Myoprocta pratti Pocock, 1913",Mammalia,SPECIES,EXACT,99,ACCEPTED,4264701,true,,
myrmecophaga tridactyla,mammal,"Myrmecophaga tridactyla Linnaeus, 1758",Mammalia,SPECIES,EXACT,99,ACCEPTED,2436346,true,,
mystacornis crossleyi,bird,"Mystacornis crossleyi (A.Grandidier, 1870)",Aves,SPECIES,EXACT,99,ACCEPTED,2493384,true,,
nandinia binotata,mammal,"Nandinia binotata (Gray, 1830)",Mammalia,SPECIES,EXACT,98,ACCEPTED,2433489,true,,
nanger granti,mammal,"Nanger granti (Brooke, 1872)",Mammalia,SPECIES,EXACT,99,ACCEPTED,7261447,true,,
nasua narica,mammal,"Nasua narica (Linnaeus, 1766)",Mammalia,SPECIES,EXACT,99,ACCEPTED,2433531,true,,
nasua nasua,mammal,"Nasua nasua (Linnaeus, 1766)",Mammalia,SPECIES,EXACT,99,ACCEPTED,2433536,true,,
nectarinia cyanolaema,bird,"Nectarinia cyanolaema Jardine & Fraser, 1852",Aves,SPECIES,EXACT,98,SYNONYM,5230021,true,,
neochen jubata,bird,"Neochen jubata (Spix, 1825)",Aves,SPECIES,EXACT,99,ACCEPTED,2498320,true,,
neocossyphus rufus,bird,"Neocossyphus rufus (Fischer & Reichenow, 1884)",Aves,SPECIES,EXACT,99,ACCEPTED,2490831,true,,
neofelis diardi,mammal,"Neofelis diardi (G.Cuvier, 1823)",Mammalia,SPECIES,EXACT,99,ACCEPTED,5787229,true,,
neofelis nebulosa,mammal,"Neofelis nebulosa (Griffith, 1821)",Mammalia,SPECIES,EXACT,99,ACCEPTED,2435079,true,,
neomorphus geoffroyi,bird,"Neomorphus geoffroyi (Temminck, 1820)",Aves,SPECIES,EXACT,99,ACCEPTED,5232020,true,,
neomorphus rufipennis,bird,"Neomorphus rufipennis (G.R.Gray, 1849)",Aves,SPECIES,EXACT,99,ACCEPTED,5232014,true,,
nesocharis capistrata,bird,"Nesocharis capistrata (Hartlaub, 1861)",Aves,SPECIES,EXACT,99,ACCEPTED,5231427,true,,
nesoenas picturata,,"Nesoenas picturatus (Temminck, 1813)",Aves,SPECIES,FUZZY,96,ACCEPTED,5788470,false,,
nesolagus netscheri,mammal,"Nesolagus netscheri (Schlegel, 1880)",Mammalia,SPECIES,EXACT,99,ACCEPTED,2436684,true,,
nesomys audeberti,mammal,"Nesomys audeberti (Jentink, 1879)",Mammalia,SPECIES,EXACT,99,ACCEPTED,4263432,true,,
nesomys sp,,,,,NONE,100,,,false,,
nesotragus moschatus,mammal,"Nesotragus moschatus Von Dueben, 1846",Mammalia,SPECIES,EXACT,98,SYNONYM,5787015,true,,
nightjar,,,,,NONE,100,,,false,,
niltava sumatrana,bird,"Niltava sumatrana Salvadori, 1879",Aves,SPECIES,EXACT,99,ACCEPTED,2492651,true,,
nisaetus nanus,bird,"Nisaetus nanus (Wallace, 1868)",Aves,SPECIES,EXACT,99,ACCEPTED,5788505,true,,
nisaetus nipalensis,bird,"Nisaetus nipalensis Hodgson, 1836",Aves,SPECIES,EXACT,99,ACCEPTED,5788503,true,,
nothocrax urumutum,bird,"Nothocrax urumutum (Spix, 1825)",Aves,SPECIES,EXACT,99,ACCEPTED,2482190,true,,
numida meleagris,bird,"Numida meleagris (Linnaeus, 1758)",Aves,SPECIES,EXACT,99,ACCEPTED,2473341,true,,
nyctanassa violacea,bird,"Nyctanassa violacea (Linnaeus, 1758)",Aves,SPECIES,EXACT,99,ACCEPTED,2480953,true,,
nyctidromus albicollis,bird,"Nyctidromus albicollis (J.F.Gmelin, 1789)",Aves,SPECIES,EXACT,99,ACCEPTED,2496990,true,,
odocoileus virginianus,mammal,"Odocoileus virginianus (Zimmermann, 1780)",Mammalia,SPECIES,EXACT,99,ACCEPTED,2440965,true,,
odontophorus,,,,,NONE,100,,,false,,
odontophorus balliviani,bird,"Odontophorus balliviani Gould, 1846",Aves,SPECIES,EXACT,99,ACCEPTED,5228039,true,,
odontophorus erythrops,bird,"Odontophorus erythrops Gould, 1859",Aves,SPECIES,EXACT,99,ACCEPTED,5228045,true,,
odontophorus gujanensis,bird,"Odontophorus gujanensis (J.F.Gmelin, 1789)",Aves,SPECIES,EXACT,98,ACCEPTED,5228058,true,,
oenomys hypoxanthus,mammal,"Oenomys hypoxanthus (Pucheran, 1855)",Mammalia,SPECIES,EXACT,99,ACCEPTED,2438923,true,,
onenanthe sp,,,,,NONE,100,,,false,,
oreotragus oreotragus,mammal,"Oreotragus oreotragus (Zimmermann, 1783)",Mammalia,SPECIES,EXACT,99,ACCEPTED,2441044,true,,
ortalis guttata,,Animalia,,KINGDOM,HIGHERRANK,97,ACCEPTED,1,false,,
ortalis sp,,,,,NONE,100,,,false,,
ortalis vetula,bird,"Ortalis vetula (Wagler, 1830)",Aves,SPECIES,EXACT,99,ACCEPTED,5229429,true,,
orycteropus afer,mammal,"Orycteropus afer (Pallas, 1766)",Mammalia,SPECIES,EXACT,99,ACCEPTED,5218416,true,,
oryx beisa,mammal,"Oryx beisa (Rüppell, 1835)",Mammalia,SPECIES,EXACT,99,ACCEPTED,5706393,true,,
otocyon megalotis,mammal,"Otocyon megalotis (Desmarest, 1822)",Mammalia,SPECIES,EXACT,99,ACCEPTED,2434349,true,,
otolemur garnettii,mammal,"Otolemur garnettii (Ogilby, 1838)",Mammalia,SPECIES,EXACT,99,ACCEPTED,2436511,true,,
otus spilocephalus,bird,"Otus spilocephalus (Blyth, 1846)",Aves,SPECIES,EXACT,99,ACCEPTED,5232316,true,,
ovis aries,mammal,"Ovis aries Linnaeus, 1758",Mammalia,SPECIES,EXACT,98,ACCEPTED,2441110,true,,
oxylabes madagascariensis,bird,"Oxylabes madagascariensis (Gmelin, 1789)",Aves,SPECIES,EXACT,99,ACCEPTED,2493568,true,,
paguma larvata,mammal,"Paguma larvata (C.E.H.Smith, 1827)",Mammalia,SPECIES,EXACT,99,ACCEPTED,2434654,true,,
paleosuchus sp,,,,,NONE,100,,,false,,
paloma,,,,,NONE,100,,,false,,
pan troglodytes,mammal,"Pan troglodytes (Blumenbach, 1775)",Mammalia,SPECIES,EXACT,98,ACCEPTED,5219534,true,,
panthera leo,mammal,"Panthera leo (Linnaeus, 1758)",Mammalia,SPECIES,EXACT,99,ACCEPTED,5219404,true,,
panthera onca,mammal,"Panthera onca (Linnaeus, 1758)",Mammalia,SPECIES,EXACT,99,ACCEPTED,5219426,true,,
panthera pardus,mammal,"Panthera pardus (Linnaeus, 1758)",Mammalia,SPECIES,EXACT,99,ACCEPTED,5219436,true,,
panthera tigris,mammal,"Panthera tigris (Linnaeus, 1758)",Mammalia,SPECIES,EXACT,99,ACCEPTED,5219416,true,,
papio anubis,mammal,"Papio anubis (Lesson, 1827)",Mammalia,SPECIES,EXACT,97,ACCEPTED,5707341,true,,
papio cynocephalus,mammal,"Papio cynocephalus (Linnaeus, 1766)",Mammalia,SPECIES,EXACT,99,ACCEPTED,7262027,true,,
paradoxurus hermaphroditus,mammal,"Paradoxurus hermaphroditus (Pallas, 1777)",Mammalia,SPECIES,EXACT,99,ACCEPTED,2434708,true,,
paraxerus boehmi,mammal,"Paraxerus boehmi (Reichenow, 1886)",Mammalia,SPECIES,EXACT,99,ACCEPTED,2437347,true,,
paraxerus cepapi,mammal,"Paraxerus cepapi (A.Smith, 1836)",Mammalia,SPECIES,EXACT,99,ACCEPTED,2437354,true,,
paraxerus lucifer,mammal,"Paraxerus lucifer (Thomas, 1897)",Mammalia,SPECIES,EXACT,99,ACCEPTED,2437353,true,,
paraxerus ochraceus,mammal,"Paraxerus ochraceus (Huet, 1880)",Mammalia,SPECIES,EXACT,99,ACCEPTED,2437345,true,,
paraxerus vexillarius,mammal,"Paraxerus vexillarius (Kershaw, 1923)",Mammalia,SPECIES,EXACT,99,ACCEPTED,2437352,true,,
pardofelis marmorata,mammal,"Pardofelis marmorata (Martin, 1837)",Mammalia,SPECIES,EXACT,99,ACCEPTED,2435089,true,,
pardofelis temminckii,mammal,"Pardofelis temminckii (Vigors & Horsfield, 1827)",Mammalia,SPECIES,EXACT,98,SYNONYM,5787233,true,,
pecari tajacu,mammal,"Pecari tajacu (Linnaeus, 1758)",Mammalia,SPECIES,EXACT,99,ACCEPTED,2440995,true,,
penelope jacquacu,bird,"Penelope jacquacu Spix, 1825",Aves,SPECIES,EXACT,99,ACCEPTED,9462558,true,,
penelope purpurascens,bird,"Penelope purpurascens Wagler, 1830",Aves,SPECIES,EXACT,99,ACCEPTED,2482225,true,,
penelope superciliaris,bird,"Penelope superciliaris Temminck, 1815",Aves,SPECIES,EXACT,99,ACCEPTED,2482204,true,,
pernis ptilorhynchus,bird,"Pernis ptilorhynchus (Temminck, 1821)",Aves,SPECIES,EXACT,99,ACCEPTED,5793241,true,,
peromyscus sp,,,,,NONE,100,,,false,,
petrodromus tetradactylus,mammal,"Petrodromus tetradactylus Peters, 1846",Mammalia,SPECIES,EXACT,99,ACCEPTED,2440858,true,,
phacochoerus africanus,mammal,"Phacochoerus africanus (Gmelin, 1788)",Mammalia,SPECIES,EXACT,99,ACCEPTED,2441212,true,,
phaetornis sp,,,,,NONE,100,,,false,,
philander opossum,mammal,"Philander opossum (Linnaeus, 1758)",Mammalia,SPECIES,EXACT,99,ACCEPTED,5219950,true,,
philander oppossum,,"Philander opossum (Linnaeus, 1758)",Mammalia,SPECIES,FUZZY,96,ACCEPTED,5219950,false,,
philantomba monticola,mammal,"Philantomba monticola (Thunberg, 1789)",Mammalia,SPECIES,EXACT,99,ACCEPTED,7261461,true,,
philerodius pileatus,,,,,NONE,100,,,false,,
phyllastrephus apperti,bird,"Phyllastrephus apperti Colston, 1972",Aves,SPECIES,EXACT,98,SYNONYM,2486103,true,,
pilherodius pileatus,bird,"Pilherodius pileatus (Boddaert, 1783)",Aves,SPECIES,EXACT,99,ACCEPTED,2480816,true,,
pipile cumanensis,bird,"Pipile cumanensis (Jacquin, 1784)",Aves,SPECIES,EXACT,99,ACCEPTED,2482310,true,,
pipile pipile,bird,"Pipile pipile (Jacquin, 1784)",Aves,SPECIES,EXACT,99,ACCEPTED,2482300,true,,
pitta cyanea,bird,"Pitta cyanea Blyth, 1843",Aves,SPECIES,EXACT,99,ACCEPTED,2489540,true,,
pitta guajana,bird,"Pitta guajana (Statius Muller, 1776)",Aves,SPECIES,EXACT,99,ACCEPTED,2489514,true,,
pitta schneideri,bird,"Pitta schneideri Hartert, 1909",Aves,SPECIES,EXACT,99,ACCEPTED,2489452,true,,
ploceus alienus,bird,"Ploceus alienus (Sharpe, 1902)",Aves,SPECIES,EXACT,99,ACCEPTED,2494048,true,,
ploceus baglafecht,bird,"Ploceus baglafecht (Daudin, 1802)",Aves,SPECIES,EXACT,99,ACCEPTED,2494061,true,,
poecilogale albinucha,mammal,"Poecilogale albinucha (Gray, 1864)",Mammalia,SPECIES,EXACT,99,ACCEPTED,2433887,true,,
pogonocichla stellata,bird,"Pogonocichla stellata (Vieillot, 1818)",Aves,SPECIES,EXACT,99,ACCEPTED,2492637,true,,
polyplectron bicalcaratum,bird,"Polyplectron bicalcaratum (Linnaeus, 1758)",Aves,SPECIES,EXACT,99,ACCEPTED,2474079,true,,
polyplectron chalcurum,bird,"Polyplectron chalcurum R.Lesson, 1831",Aves,SPECIES,EXACT,99,ACCEPTED,2474084,true,,
pomatorhinus mcclellandi,bird,"Pomatorhinus mcclellandi Godwin-Austen, 1870",Aves,SPECIES,EXACT,99,ACCEPTED,5788963,true,,
potamochoerus larvatus,mammal,"Potamochoerus larvatus (F.Cuvier, 1822)",Mammalia,SPECIES,EXACT,99,ACCEPTED,2441226,true,,
potos flavus,mammal,"Potos flavus (Schreber, 1774)",Mammalia,SPECIES,EXACT,99,ACCEPTED,2433573,true,,
praomys tullbergi,mammal,"Praomys tullbergi (Thomas, 1894)",Mammalia,SPECIES,EXACT,99,ACCEPTED,2438479,true,,
presbytis femoralis,mammal,"Presbytis femoralis (Martin, 1838)",Mammalia,SPECIES,EXACT,99,ACCEPTED,5219562,true,,
presbytis sp,,,,,NONE,100,,,false,,
presbytis thomasi,mammal,"Presbytis thomasi (Collett, 1893)",Mammalia,SPECIES,EXACT,99,ACCEPTED,5219558,true,,
priodontes maximus,mammal,"Priodontes maximus (Kerr, 1792)",Mammalia,SPECIES,EXACT,99,ACCEPTED,5220096,true,,
prionailurus bengalensis,mammal,"Prionailurus bengalensis (Kerr, 1792)",Mammalia,SPECIES,EXACT,99,ACCEPTED,2434903,true,,
prionodon linsang,mammal,"Prionodon linsang (Hardwicke, 1821)",Mammalia,SPECIES,EXACT,99,ACCEPTED,5963050,true,,
prionodon pardicolor,mammal,"Prionodon pardicolor Hodgson, 1842",Mammalia,SPECIES,EXACT,99,ACCEPTED,5963054,true,,
procavia capensis,mammal,"Procavia capensis (Pallas, 1766)",Mammalia,SPECIES,EXACT,99,ACCEPTED,5219598,true,,
procolobus gordonorum,mammal,"Procolobus gordonorum (Matschie, 1900)",Mammalia,SPECIES,EXACT,98,SYNONYM,5786257,true,,
procyon cancrivorus,mammal,Procyon cancrivorus G,Mammalia,SPECIES,EXACT,99,ACCEPTED,9518324,true,,
procyon lotor,mammal,"Procyon lotor (Linnaeus, 1758)",Mammalia,SPECIES,EXACT,99,ACCEPTED,5218786,true,,
proechimys,,,,,NONE,100,,,false,,
proechimys sp,,,,,NONE,100,,,false,,
propithecus candidus,mammal,"Propithecus candidus Grandidier, 1871",Mammalia,SPECIES,EXACT,99,ACCEPTED,5786030,true,,
proteles cristata,mammal,"Proteles cristata (Sparrman, 1783)",Mammalia,SPECIES,EXACT,99,ACCEPTED,2433502,true,,
protoxerus stangeri,mammal,"Protoxerus stangeri (Waterhouse, 1842)",Mammalia,SPECIES,EXACT,99,ACCEPTED,2437390,true,,
psophia crepitans,bird,"Psophia crepitans Linnaeus, 1758",Aves,SPECIES,EXACT,99,ACCEPTED,2474363,true,,
psophia leucoptera,bird,"Psophia leucoptera Spix, 1825",Aves,SPECIES,EXACT,99,ACCEPTED,2474360,true,,
pternistis hildebrandti,bird,"Pternistis hildebrandti (Cabanis, 1878)",Aves,SPECIES,EXACT,99,ACCEPTED,2473837,true,,
pternistis leucoscepus,bird,"Pternistis leucoscepus (G.R.Gray, 1867)",Aves,SPECIES,EXACT,99,ACCEPTED,2473849,true,,
pteroglossus beauharnaesii,bird,"Pteroglossus beauharnaesii Wagler, 1832",Aves,SPECIES,EXACT,99,ACCEPTED,2478833,true,,
pteronura brasiliensis,mammal,"Pteronura brasiliensis Zimmermann, 1780",Mammalia,SPECIES,EXACT,97,ACCEPTED,2433681,true,,
puma concolor,mammal,"Puma concolor (Linnaeus, 1771)",Mammalia,SPECIES,EXACT,99,ACCEPTED,2435099,true,,
puma yagoroundi,,"Puma yagouaroundi (É.Geoffroy Saint-Hilaire, 1803)",Mammalia,SPECIES,FUZZY,93,ACCEPTED,2435146,false,,
puma yagouaroundi,mammal,"Puma yagouaroundi (É.Geoffroy Saint-Hilaire, 1803)",Mammalia,SPECIES,EXACT,99,ACCEPTED,2435146,true,,
puma yaguaroundi,,"Puma yagouaroundi (É.Geoffroy Saint-Hilaire, 1803)",Mammalia,SPECIES,FUZZY,95,ACCEPTED,2435146,false,,
quail,,,,,NONE,100,,,false,,
ramphastos tucanus,bird,"Ramphastos tucanus Linnaeus, 1758",Aves,SPECIES,EXACT,99,ACCEPTED,2478774,true,,
rana sp,,"? rana Green, 1832",Trilobita,UNRANKED,EXACT,96,DOUBTFUL,10513374,false,,
raphicerus campestris,mammal,"Raphicerus campestris (Thunberg, 1811)",Mammalia,SPECIES,EXACT,99,ACCEPTED,2441141,true,,
ratoncito,,,,,NONE,100,,,false,,
rattus rattus,mammal,"Rattus rattus (Linnaeus, 1758)",Mammalia,SPECIES,EXACT,99,ACCEPTED,2439270,true,,
rattus tiomanicus sabae,,"Rattus tiomanicus (Miller, 1900)",Mammalia,SPECIES,HIGHERRANK,99,ACCEPTED,2439235,false,,
ratufa bicolor,mammal,"Ratufa bicolor (Sparrman, 1778)",Mammalia,SPECIES,EXACT,99,ACCEPTED,2437566,true,,
reptile,,,,,NONE,100,,,false,,
rhea americana,bird,"Rhea americana (Linnaeus, 1758)",Aves,SPECIES,EXACT,99,ACCEPTED,2495165,true,,
rhizomys sp,,,,,NONE,100,,,false,,
rhizomys sumatrensis,mammal,"Rhizomys sumatrensis (Raffles, 1821)",Mammalia,SPECIES,EXACT,99,ACCEPTED,2438058,true,,
rhynchocyon cirnei,mammal,"Rhynchocyon cirnei Peters, 1847",Mammalia,SPECIES,EXACT,99,ACCEPTED,5220104,true,,
rhynchocyon petersi,mammal,"Rhynchocyon petersi Bocage, 1880",Mammalia,SPECIES,EXACT,99,ACCEPTED,5220100,true,,
rhynchocyon udzungwensis,mammal,"Rhynchocyon udzungwensis Rathbun & Rovero, 2008",Mammalia,SPECIES,EXACT,99,ACCEPTED,5786557,true,,
rollulus rouloul,bird,"Rollulus rouloul (Scopoli, 1786)",Aves,SPECIES,EXACT,99,ACCEPTED,2474113,true,,
rupornis magnirostris,bird,"Rupornis magnirostris (Gmelin, 1788)",Aves,SPECIES,EXACT,99,ACCEPTED,5844398,true,,
rusa unicolor,mammal,"Rusa unicolor (Kerr, 1792)",Mammalia,SPECIES,EXACT,99,ACCEPTED,7261386,true,,
ruwenzorornis johnstoni,bird,"Ruwenzorornis johnstoni (Sharpe, 1901)",Aves,SPECIES,EXACT,99,ACCEPTED,2475217,true,,
sagittarius serpentarius,bird,"Sagittarius serpentarius (J.F.Miller, 1779)",Aves,SPECIES,EXACT,99,ACCEPTED,5229409,true,,
saimiri boliviensis,mammal,"Saimiri boliviensis (I.Geoffroy Saint-Hilaire & de Blainville, 1834)",Mammalia,SPECIES,EXACT,99,ACCEPTED,2436663,true,,
salanoia concolor,mammal,"Salanoia concolor (I.Geoffroy Saint-Hilaire, 1837)",Mammalia,SPECIES,EXACT,99,ACCEPTED,2433527,true,,
sapajus apella,mammal,"Sapajus apella (Linnaeus, 1758)",Mammalia,SPECIES,EXACT,99,ACCEPTED,7477334,true,,
saxicola tectes,bird,"Saxicola tectes (Gmelin, 1789)",Aves,SPECIES,EXACT,99,ACCEPTED,2492525,true,,
sciurus deppei,mammal,"Sciurus deppei Peters, 1863",Mammalia,SPECIES,EXACT,99,ACCEPTED,5219680,true,,
sciurus gramatensis,,"Sciurus granatensis Humboldt, 1811",Mammalia,SPECIES,FUZZY,95,ACCEPTED,5219666,false,,
sciurus ignitus,mammal,"Sciurus ignitus (Gray, 1867)",Mammalia,SPECIES,EXACT,99,ACCEPTED,5219662,true,,
sciurus igniventris,mammal,"Sciurus igniventris Wagner, 1842",Mammalia,SPECIES,EXACT,99,ACCEPTED,5219682,true,,
sciurus sp,,,,,NONE,100,,,false,,
sciurus spadiceus,mammal,"Sciurus spadiceus Olfers, 1818",Mammalia,SPECIES,EXACT,99,ACCEPTED,5219676,true,,
scolopax rusticola,bird,"Scolopax rusticola Linnaeus, 1758",Aves,SPECIES,EXACT,99,ACCEPTED,2481700,true,,
setifer sp,,,,,NONE,100,,,false,,
sheppardia lowei,bird,"Sheppardia lowei (Grant & Mackworth-Praed, 1941)",Aves,SPECIES,EXACT,99,ACCEPTED,2492447,true,,
skink,,,,,NONE,100,,,false,,
small mammal,,,,,NONE,100,,,false,,
snake,,,,,NONE,100,,,false,,
speothos venaticus,mammal,"Speothos venaticus (Lund, 1842)",Mammalia,SPECIES,EXACT,99,ACCEPTED,2434444,true,,
spilogale putorius,mammal,"Spilogale putorius (Linnaeus, 1758)",Mammalia,SPECIES,EXACT,99,ACCEPTED,2434831,true,,
spilornis cheela,bird,"Spilornis cheela (Latham, 1790)",Aves,SPECIES,EXACT,99,ACCEPTED,2480433,true,,
spizaetus ornatus,bird,"Spizaetus ornatus (Daudin, 1800)",Aves,SPECIES,EXACT,99,ACCEPTED,2480679,true,,
start,,,,,NONE,100,,,false,,
stephanoaetus coronatus,bird,"Stephanoaetus coronatus (Linnaeus, 1766)",Aves,SPECIES,EXACT,99,ACCEPTED,2480391,true,,
stigmochelys pardalis,,"Stigmochelys pardalis (Bell, 1828)",Testudines,SPECIES,EXACT,99,ACCEPTED,2441757,true,,
streptopelia capicola,bird,"Streptopelia capicola (Sundevall, 1857)",Aves,SPECIES,EXACT,99,ACCEPTED,2495667,true,,
streptopelia lugens,bird,"Streptopelia lugens (Rüppell, 1837)",Aves,SPECIES,EXACT,99,ACCEPTED,2495699,true,,
streptopelia picturata,bird,"Streptopelia picturata (Temminck, 1813)",Aves,SPECIES,EXACT,98,SYNONYM,2495700,true,,
streptopilia capicola,,"Streptopelia capicola (Sundevall, 1857)",Aves,SPECIES,FUZZY,85,ACCEPTED,2495667,false,,
streptopilia senegalensis,,"Streptopelia senegalensis (Linnaeus, 1766)",Aves,SPECIES,FUZZY,84,SYNONYM,2495659,false,,
strigidae,,,,,NONE,100,,,false,,
struthio camelus,bird,"Struthio camelus Linnaeus, 1758",Aves,SPECIES,EXACT,99,ACCEPTED,2495150,true,,
sucha cabeza amarilla,,,,,NONE,100,,,false,,
suncus murinus,mammal,"Suncus murinus (Linnaeus, 1766)",Mammalia,SPECIES,EXACT,99,ACCEPTED,2435520,true,,
sundasciurus hippurus,mammal,"Sundasciurus hippurus (I.Geoffroy Saint-Hilaire, 1831)",Mammalia,SPECIES,EXACT,99,ACCEPTED,2437473,true,,
sus barbatus,mammal,"Sus barbatus Müller, 1838",Mammalia,SPECIES,EXACT,97,ACCEPTED,2441222,true,,
sus scrofa,mammal,"Sus scrofa Linnaeus, 1758",Mammalia,SPECIES,EXACT,99,ACCEPTED,7705930,true,,
sus sp,,,,,NONE,100,,,false,,
sylvicapra grimmia,mammal,"Sylvicapra grimmia (Linnaeus, 1758)",Mammalia,SPECIES,EXACT,99,ACCEPTED,2441187,true,,
sylvilagus brasiliensis,mammal,"Sylvilagus brasiliensis (Linnaeus, 1758)",Mammalia,SPECIES,EXACT,99,ACCEPTED,2436860,true,,
syncerus caffer,mammal,"Syncerus caffer (Sparrman, 1779)",Mammalia,SPECIES,EXACT,99,ACCEPTED,2441034,true,,
tamandua mexicana,mammal,"Tamandua mexicana (Saussure, 1860)",Mammalia,SPECIES,EXACT,99,ACCEPTED,2436335,true,,
tamandua tetradactyla,mammal,"Tamandua tetradactyla (Linnaeus, 1758)",Mammalia,SPECIES,EXACT,99,ACCEPTED,2436340,true,,
tapirus bairdii,mammal,"Tapirus bairdii (Gill, 1865)",Mammalia,SPECIES,EXACT,98,SYNONYM,2440897,true,,
tapirus indicus,mammal,"Tapirus indicus Desmarest, 1819",Mammalia,SPECIES,EXACT,98,SYNONYM,2440896,true,,
tapirus terrestris,mammal,"Tapirus terrestris (Linnaeus, 1758)",Mammalia,SPECIES,EXACT,99,ACCEPTED,2440898,true,,
tauraco livingstonii,bird,"Tauraco livingstonii (G.R.Gray, 1864)",Aves,SPECIES,EXACT,99,ACCEPTED,2475225,true,,
tayassu pecari,mammal,"Tayassu pecari (Link, 1795)",Mammalia,SPECIES,EXACT,99,ACCEPTED,2440993,true,,
tayassu tajacu,mammal,"Tayassu tajacu (Linnaeus, 1758)",Mammalia,SPECIES,EXACT,98,SYNONYM,2440996,true,,
tenrec,,,,,NONE,100,,,false,,
tenrec ecaudatus,mammal,"Tenrec ecaudatus (Schreber, 1778)",Mammalia,SPECIES,EXACT,99,ACCEPTED,5218435,true,,
terpsiphone mutata,bird,"Terpsiphone mutata (Linnaeus, 1766)",Aves,SPECIES,EXACT,99,ACCEPTED,2486686,true,,
thamnomys venustus,mammal,"Thamnomys venustus Thomas, 1907",Mammalia,SPECIES,EXACT,99,ACCEPTED,2438822,true,,
thryonomys gregorianus,mammal,"Thryonomys gregorianus (Thomas, 1894)",Mammalia,SPECIES,EXACT,99,ACCEPTED,2437635,true,,
thryonomys swinderianus,mammal,"Thryonomys swinderianus (Temminck, 1827)",Mammalia,SPECIES,EXACT,99,ACCEPTED,2437636,true,,
tigrisoma lineatum,bird,"Tigrisoma lineatum (Boddaert, 1783)",Aves,SPECIES,EXACT,99,ACCEPTED,2480869,true,,
tigrisoma mexicanum,bird,"Tigrisoma mexicanum Swainson, 1834",Aves,SPECIES,EXACT,99,ACCEPTED,2480867,true,,
tinamus guttatus,bird,"Tinamus guttatus Pelzeln, 1863",Aves,SPECIES,EXACT,99,ACCEPTED,2477621,true,,
tinamus major,bird,"Tinamus major (J.F.Gmelin, 1789)",Aves,SPECIES,EXACT,99,ACCEPTED,2477630,true,,
tinamus sp,,,,,NONE,100,,,false,,
tinamus tao,bird,"Tinamus tao Temminck, 1815",Aves,SPECIES,EXACT,99,ACCEPTED,2477622,true,,
tockus deckeni,bird,"Tockus deckeni (Cabanis, 1868)",Aves,SPECIES,EXACT,99,ACCEPTED,2475971,true,,
tockus flavirostris,bird,"Tockus flavirostris (Rüppell, 1835)",Aves,SPECIES,EXACT,99,ACCEPTED,2475979,true,,
tolypeutes matacus,mammal,"Tolypeutes matacus (Desmarest, 1804)",Mammalia,SPECIES,EXACT,99,ACCEPTED,2440792,true,,
tragelaphus imberbis,mammal,"Tragelaphus imberbis (Blyth, 1869)",Mammalia,SPECIES,EXACT,99,ACCEPTED,5220177,true,,
tragelaphus oryx,mammal,"Tragelaphus oryx (Pallas, 1766)",Mammalia,SPECIES,EXACT,98,SYNONYM,5787061,true,,
tragelaphus scriptus,mammal,"Tragelaphus scriptus (Pallas, 1766)",Mammalia,SPECIES,EXACT,99,ACCEPTED,5220182,true,,
tragelaphus strepsiceros,mammal,"Tragelaphus strepsiceros (Pallas, 1766)",Mammalia,SPECIES,EXACT,99,ACCEPTED,5220183,true,,
tragulus javanicus,mammal,"Tragulus javanicus (Osbeck, 1765)",Mammalia,SPECIES,EXACT,97,ACCEPTED,5220187,true,,
tragulus kanchil,mammal,"Tragulus kanchil (Raffles, 1821)",Mammalia,SPECIES,EXACT,99,ACCEPTED,7261464,true,,
tragulus napu,mammal,"Tragulus napu (F.Cuvier, 1822)",Mammalia,SPECIES,EXACT,99,ACCEPTED,5220186,true,,
tragulus sp,,,,,NONE,100,,,false,,
tremarctos ornatus,mammal,"Tremarctos ornatus (F.G.Cuvier, 1825)",Mammalia,SPECIES,EXACT,99,ACCEPTED,2433401,true,,
trichys fasciculata,mammal,"Trichys fasciculata (Shaw, 1801)",Mammalia,SPECIES,EXACT,99,ACCEPTED,2439429,true,,
trochalopteron milnei,bird,"Trochalopteron milnei David, 1874",Aves,SPECIES,EXACT,99,ACCEPTED,6101137,true,,
tufted tailed rat,,,,,NONE,100,,,false,,
tupaia belangeri,mammal,"Tupaia belangeri (Wagner, 1841)",Mammalia,SPECIES,EXACT,99,ACCEPTED,2436268,true,,
tupaia glis,mammal,"Tupaia glis (Diard, 1820)",Mammalia,SPECIES,EXACT,99,ACCEPTED,2436271,true,,
tupaia sp,,,,,NONE,100,,,false,,
tupinambis teguixin,,"Tupinambis teguixin (Linnaeus, 1758)",Squamata,SPECIES,EXACT,97,ACCEPTED,2471948,true,,
turdus ignobilis,bird,"Turdus ignobilis P.L.Sclater, 1858",Aves,SPECIES,EXACT,99,ACCEPTED,2490722,true,,
turdus olivaceus,bird,"Turdus olivaceus Linnaeus, 1766",Aves,SPECIES,EXACT,99,ACCEPTED,9363452,true,,
turdus sp,,,,,NONE,100,,,false,,
turdus tephronotus,bird,"Turdus tephronotus Cabanis, 1878",Aves,SPECIES,EXACT,99,ACCEPTED,2490734,true,,
turtur calcospilos,,"Turtur Boddaert, 1783",Aves,GENUS,HIGHERRANK,94,ACCEPTED,5231786,false,,
turtur tympanistria,bird,"Turtur tympanistria (Temminck, 1809)",Aves,SPECIES,EXACT,99,ACCEPTED,5231790,true,,
tyto alba,bird,"Tyto alba (Scopoli, 1769)",Aves,SPECIES,EXACT,99,ACCEPTED,2497921,true,,
unidentifiable,,,,,NONE,100,,,false,,
unidentified,,,,,NONE,100,,,false,,
unknown,,,,,NONE,100,,,false,,
unknown armadillo,,,,,NONE,100,,,false,,
unknown bat,,,,,NONE,100,,,false,,
unknown bird,,,,,NONE,100,,,false,,
unknown butterfly,,,,,NONE,100,,,false,,
unknown caprimulgidae,,,,,NONE,100,,,false,,
unknown cat,,,,,NONE,100,,,false,,
unknown cervid,,,,,NONE,100,,,false,,
unknown civet,,,,,NONE,100,,,false,,
unknown coati,,,,,NONE,100,,,false,,
unknown deer,,,,,NONE,100,,,false,,
unknown dove,,,,,NONE,100,,,false,,
unknown frog,,,,,NONE,100,,,false,,
unknown insect,,,,,NONE,100,,,false,,
unknown lizard,,,,,NONE,100,,,false,,
unknown mammal,,,,,NONE,100,,,false,,
unknown marsupial,,,,,NONE,100,,,false,,
unknown mouse or rat,,,,,NONE,100,,,false,,
unknown opossum,,,,,NONE,100,,,false,,
unknown pig_peccary,,,,,NONE,100,,,false,,
unknown porcupine,,,,,NONE,100,,,false,,
unknown raptor,,,,,NONE,100,,,false,,
unknown rat,,,,,NONE,100,,,false,,
unknown rodent,,,,,NONE,100,,,false,,
unknown shrew,,,,,NONE,100,,,false,,
unknown spider,,,,,NONE,100,,,false,,
unknown squirrel,,,,,NONE,100,,,false,,
unknown turtle,,,,,NONE,100,,,false,,
urocyon cinereoargenteus,mammal,"Urocyon cinereoargenteus (Schreber, 1775)",Mammalia,SPECIES,EXACT,99,ACCEPTED,2434566,true,,
ursus thibetanus,mammal,Ursus thibetanus G,Mammalia,SPECIES,EXACT,97,ACCEPTED,9335699,true,,
vanellus coronatus,bird,"Vanellus coronatus (Boddaert, 1783)",Aves,SPECIES,EXACT,99,ACCEPTED,5229137,true,,
varanus salvator,,"Varanus salvator (Laurenti, 1768)",Squamata,SPECIES,EXACT,99,ACCEPTED,2470685,true,,
varanus sp,,,,,NONE,100,,,false,,
vehicle,,,,,NONE,100,,,false,,
vicugna pacos,mammal,"Vicugna pacos (Linnaeus, 1758)",Mammalia,SPECIES,EXACT,99,ACCEPTED,7515593,true,,
viverra zibetha,mammal,"Viverra zibetha Linnaeus, 1758",Mammalia,SPECIES,EXACT,99,ACCEPTED,5219334,true,,
viverricula indica,mammal,"Viverricula indica (É.Geoffroy Saint-Hilaire, 1803)",Mammalia,SPECIES,EXACT,97,ACCEPTED,2434600,true,,
xenoperdix obscurata,,"Xenoperdix obscuratus Fjeldså & Kiure, 2003",Aves,SPECIES,FUZZY,96,ACCEPTED,5844232,false,,
xenoperdix udzungwensis,bird,"Xenoperdix udzungwensis Dinesen, Lehmberg, Svendsen, Hansen & Fjeldså, 1994",Aves,SPECIES,EXACT,99,ACCEPTED,2474120,true,,
xerus erythropus,mammal,"Xerus erythropus (É.Geoffroy Saint-Hilaire, 1803)",Mammalia,SPECIES,EXACT,99,ACCEPTED,8950740,true,,
xerus rutilis,,"Xerus rutilus (Cretzschmar, 1828)",Mammalia,SPECIES,FUZZY,96,ACCEPTED,2437455,false,,
xerus rutilus,mammal,"Xerus rutilus (Cretzschmar, 1828)",Mammalia,SPECIES,EXACT,99,ACCEPTED,2437455,true,,
zonatrichia capensis,,"Zonotrichia capensis (P.L.S.Müller, 1776)",Aves,SPECIES,FUZZY,85,ACCEPTED,5231103,false,,
zoothera,,,,,NONE,100,,,false,,
zoothera dauma,bird,"Zoothera dauma (Latham, 1790)",Aves,SPECIES,EXACT,99,ACCEPTED,2490890,true,,
zoothera sp,,,,,NONE,100,,,false,,
